{"stats":{"minecraft:killed":{"minecraft:cave_spider":8,"minecraft:zombified_piglin":1,"minecraft:spider":6,"minecraft:skeleton":50,"minecraft:chicken":1,"minecraft:axolotl":1,"aquaculture:perch":1,"alexsmobs:hammerhead_shark":2,"minecraft:pig":2,"minecraft:iron_golem":1,"alexsmobs:mantis_shrimp":1,"minecraft:creeper":15,"alexsmobs:crimson_mosquito":4,"minecraft:sheep":12,"minecraft:pillager":3,"minecraft:zombie":57,"minecraft:donkey":1,"minecraft:mooshroom":6,"minecraft:ghast":1,"alexsmobs:fly":3,"minecraft:blaze":2,"minecraft:cow":11,"alexsmobs:tarantula_hawk":1,"minecraft:vindicator":1,"alexsmobs:rattlesnake":1,"minecraft:horse":6,"minecraft:drowned":2,"cataclysm:lionfish":1,"cataclysm:deepling_angler":1,"minecraft:husk":43,"aquaculture:jellyfish":1,"minecraft:squid":1,"alexsmobs:crocodile":1,"minecraft:wither_skeleton":16,"minecraft:enderman":1},"minecraft:crafted":{"minecraft:oak_planks":284,"minecraft:stone":4,"minecraft:bookshelf":21,"minecraft:cooked_mutton":11,"aquaculture:diamond_hook":1,"minecraft:glass":22,"minecraft:iron_boots":1,"aquaculture:neptunium_leggings":1,"minecraft:chest":11,"minecraft:stone_hoe":1,"minecraft:glass_bottle":12,"sophisticatedbackpacks:backpack":1,"aquaculture:worm_farm":1,"minecraft:crafting_table":5,"aquaculture:tackle_box":1,"minecraft:spruce_planks":256,"minecraft:jungle_boat":1,"minecraft:wooden_pickaxe":1,"minecraft:iron_helmet":1,"aquaculture:neptunium_chestplate":1,"minecraft:iron_chestplate":1,"minecraft:book":3,"minecraft:paper":9,"minecraft:diamond_pickaxe":1,"minecraft:charcoal":20,"minecraft:shield":4,"aquaculture:iron_hook":2,"sophisticatedbackpacks:diamond_backpack":1,"minecraft:stick":80,"minecraft:iron_ingot":74,"minecraft:iron_pickaxe":1,"minecraft:iron_block":1,"minecraft:stone_sword":1,"minecraft:gold_ingot":55,"minecraft:spruce_fence_gate":2,"aquaculture:gold_hook":1,"tombstone:decorative_subaraki_grave":1,"minecraft:iron_nugget":9,"minecraft:furnace":4,"minecraft:spruce_fence":24,"tombstone:book_of_recycling":2,"minecraft:diamond":9,"minecraft:iron_axe":1,"minecraft:iron_hoe":1,"minecraft:stone_pickaxe":1,"minecraft:wheat":108,"aquaculture:neptunium_boots":1,"sophisticatedbackpacks:iron_backpack":1,"minecraft:cooked_beef":31,"minecraft:spruce_sign":3,"minecraft:enchanting_table":1,"aquaculture:fishing_line":1,"minecraft:iron_sword":1,"minecraft:bowl":4,"aquaculture:diamond_fishing_rod":1,"tombstone:ankh_of_pray":1,"sophisticatedbackpacks:gold_backpack":1,"minecraft:bucket":1,"minecraft:stone_axe":2,"minecraft:bread":36,"minecraft:air":0,"minecraft:jungle_planks":68,"minecraft:oak_boat":1,"minecraft:golden_apple":3,"minecraft:gold_nugget":9,"minecraft:raw_gold":36,"tombstone:dark_marble":4,"minecraft:iron_shovel":1,"minecraft:iron_leggings":1,"aquaculture:neptunium_helmet":1,"minecraft:white_bed":1,"minecraft:torch":32},"minecraft:mined":{"minecraft:dark_oak_planks":1,"minecraft:spruce_planks":3,"minecraft:white_bed":15,"minecraft:jungle_leaves":2,"minecraft:brewing_stand":6,"minecraft:obsidian":15,"minecraft:granite":14,"minecraft:grass_block":83,"minecraft:dead_tube_coral_block":6,"minecraft:jungle_log":17,"minecraft:crimson_fungus":3,"minecraft:spawner":2,"minecraft:tall_seagrass":3,"minecraft:glowstone":10,"minecraft:iron_ore":32,"minecraft:cobbled_deepslate":8,"minecraft:fire":10,"minecraft:anvil":1,"minecraft:fletching_table":1,"minecraft:deepslate_lapis_ore":8,"minecraft:enchanting_table":1,"minecraft:smooth_red_sandstone":1,"minecraft:red_tulip":1,"minecraft:cave_vines":1,"minecraft:dirt_path":36,"minecraft:water_cauldron":4,"minecraft:oak_stairs":1,"minecraft:smooth_sandstone_stairs":1,"minecraft:pink_tulip":2,"minecraft:spruce_wood":2,"minecraft:blue_orchid":1,"minecraft:tripwire":7,"minecraft:deepslate_redstone_ore":4,"minecraft:kelp_plant":2,"minecraft:crimson_nylium":1,"minecraft:clay":2,"minecraft:torch":6,"minecraft:calcite":3,"create:scoria":36,"minecraft:mushroom_stem":2,"minecraft:nether_quartz_ore":26,"minecraft:glass":1,"minecraft:cobblestone":15,"minecraft:oak_planks":15,"minecraft:sugar_cane":17,"minecraft:grindstone":1,"aquaculture:neptunes_bounty":4,"minecraft:wall_torch":8,"minecraft:amethyst_block":3,"minecraft:seagrass":1,"minecraft:cyan_wool":1,"minecraft:repeater":9,"minecraft:warped_planks":2,"minecraft:birch_log":6,"minecraft:lilac":3,"minecraft:tnt":9,"minecraft:warped_fungus":1,"minecraft:orange_tulip":1,"minecraft:grass":47,"minecraft:oak_log":91,"minecraft:sand":34,"minecraft:dirt":83,"minecraft:smooth_basalt":3,"minecraft:stonecutter":1,"minecraft:netherrack":75,"minecraft:oak_leaves":76,"minecraft:deepslate":85,"minecraft:suspicious_gravel":1,"minecraft:yellow_terracotta":3,"minecraft:dark_prismarine":2,"minecraft:tuff":4,"minecraft:deepslate_diamond_ore":9,"minecraft:glow_lichen":2,"minecraft:purple_terracotta":4,"minecraft:allium":2,"minecraft:spruce_fence":2,"minecraft:redstone_wire":14,"minecraft:spruce_leaves":213,"minecraft:moss_block":1,"minecraft:cartography_table":1,"minecraft:sandstone":7,"minecraft:crimson_stem":7,"minecraft:hay_block":12,"minecraft:furnace":13,"minecraft:raw_gold_block":4,"minecraft:acacia_wood":9,"minecraft:andesite":18,"minecraft:green_terracotta":1,"minecraft:peony":2,"minecraft:gold_block":3,"minecraft:bell":1,"minecraft:bookshelf":29,"minecraft:vine":3,"minecraft:deepslate_iron_ore":54,"minecraft:stone":222,"minecraft:redstone_wall_torch":2,"minecraft:lily_of_the_valley":1,"minecraft:dandelion":1,"minecraft:smooth_sandstone":62,"minecraft:oak_fence":6,"minecraft:crafting_table":18,"minecraft:emerald_ore":1,"minecraft:rose_bush":2,"minecraft:tall_grass":13,"minecraft:deepslate_gold_ore":39,"minecraft:diorite":1,"minecraft:birch_planks":1,"minecraft:red_terracotta":5,"minecraft:magenta_terracotta":1,"minecraft:spruce_log":76,"minecraft:birch_leaves":11,"minecraft:yellow_bed":1,"minecraft:coal_ore":23,"minecraft:mycelium":5,"minecraft:sunflower":1,"minecraft:gravel":1,"minecraft:acacia_planks":1,"minecraft:stripped_acacia_wood":1,"minecraft:stone_bricks":2,"minecraft:gold_ore":1,"minecraft:fern":1},"minecraft:custom":{"minecraft:interact_with_crafting_table":122,"minecraft:open_barrel":28,"minecraft:bell_ring":228,"minecraft:leave_game":18,"minecraft:time_since_death":6272,"minecraft:sprint_one_cm":1558617,"minecraft:damage_blocked_by_shield":8475,"minecraft:drop":101,"minecraft:play_noteblock":1,"minecraft:talked_to_villager":5,"minecraft:play_time":758924,"minecraft:deaths":18,"minecraft:jump":9943,"minecraft:walk_on_water_one_cm":107062,"minecraft:enchant_item":6,"minecraft:interact_with_furnace":132,"minecraft:sleep_in_bed":29,"minecraft:damage_dealt":59398,"minecraft:crouch_one_cm":31500,"tombstone:undead_killed":148,"minecraft:inspect_dispenser":2,"minecraft:interact_with_anvil":2,"minecraft:mob_kills":270,"minecraft:climb_one_cm":13921,"minecraft:walk_one_cm":733215,"tombstone:consume_soul":2,"minecraft:sneak_time":10902,"minecraft:walk_under_water_one_cm":59647,"minecraft:boat_one_cm":394335,"minecraft:total_world_time":758924,"tombstone:use_recycling":1,"tombstone:raider_killed":4,"minecraft:tune_noteblock":1,"minecraft:interact_with_grindstone":2,"tombstone:pray_on_grave":2,"minecraft:time_since_rest":5904,"minecraft:damage_absorbed":163,"minecraft:damage_taken":12747,"minecraft:swim_one_cm":321866,"minecraft:fly_one_cm":2130420,"minecraft:open_chest":127,"minecraft:fish_caught":180,"minecraft:fall_one_cm":244993},"minecraft:dropped":{"minecraft:acacia_wood":1,"minecraft:moss_block":1,"minecraft:porkchop":4,"minecraft:glass_bottle":8,"minecraft:glow_berries":3,"minecraft:leather":1,"minecraft:cod":2,"minecraft:dirt":28,"minecraft:mutton":2,"minecraft:iron_pickaxe":2,"minecraft:white_wool":3,"minecraft:bone":11,"minecraft:gravel":3,"minecraft:stone_axe":1,"minecraft:smooth_sandstone_stairs":1,"minecraft:rotten_flesh":34,"minecraft:oak_planks":2,"minecraft:gunpowder":7,"minecraft:spruce_wood":2,"minecraft:netherrack":2,"minecraft:dead_tube_coral_block":6,"minecraft:egg":5,"minecraft:wheat_seeds":3,"minecraft:feather":1,"minecraft:cobblestone":3,"minecraft:amethyst_block":1,"minecraft:granite":14,"minecraft:mushroom_stew":1,"minecraft:stick":10,"minecraft:diorite":1,"minecraft:ink_sac":1,"minecraft:rose_bush":2,"minecraft:string":3,"minecraft:acacia_planks":1,"minecraft:smooth_basalt":3,"minecraft:kelp":3,"minecraft:stone_sword":1,"minecraft:cocoa_beans":4,"minecraft:bowl":4,"minecraft:tuff":4,"minecraft:chicken":1,"minecraft:clay_ball":10,"minecraft:cyan_wool":1,"minecraft:potato":1,"minecraft:shield":1,"minecraft:allium":1,"minecraft:peony":1,"minecraft:andesite":18,"minecraft:golden_leggings":1,"minecraft:spider_eye":4,"minecraft:blue_orchid":1,"minecraft:stone_pickaxe":1,"minecraft:wooden_pickaxe":1,"minecraft:calcite":3,"minecraft:magenta_terracotta":1},"minecraft:broken":{"minecraft:flint_and_steel":1,"minecraft:shield":1},"minecraft:picked_up":{"minecraft:seagrass":15,"minecraft:iron_chestplate":3,"minecraft:anvil":1,"aquaculture:catfish":1,"minecraft:lead":1,"minecraft:oak_stairs":1,"minecraft:potion":8,"minecraft:enchanted_book":2,"minecraft:brewing_stand":6,"minecraft:golden_sword":1,"minecraft:amethyst_block":1,"minecraft:dead_tube_coral_block":6,"minecraft:string":29,"aquaculture:muskellunge":3,"minecraft:iron_leggings":4,"minecraft:pufferfish":17,"alexsmobs:blood_sac":1,"minecraft:red_sand":1,"minecraft:cobbled_deepslate":188,"minecraft:bucket":6,"minecraft:spruce_planks":156,"minecraft:white_tulip":1,"minecraft:rose_bush":2,"minecraft:warped_slab":1,"minecraft:redstone_torch":2,"minecraft:written_book":2,"minecraft:calcite":3,"minecraft:iron_pickaxe":2,"minecraft:iron_boots":6,"minecraft:furnace":19,"minecraft:stick":26,"minecraft:oak_fence":4,"minecraft:torch":129,"minecraft:spruce_stairs":4,"aquaculture:gold_hook":3,"minecraft:porkchop":5,"tombstone:grave_dust":20,"minecraft:diorite":1,"minecraft:green_terracotta":2,"minecraft:cauldron":4,"minecraft:stone_sword":2,"minecraft:rotten_flesh":102,"aquaculture:algae":8,"create:scoria":36,"minecraft:iron_block":2,"minecraft:red_tulip":1,"minecraft:netherite_chestplate":1,"minecraft:obsidian":15,"minecraft:cod":49,"aquaculture:tin_can":2,"minecraft:cobblestone":322,"minecraft:nautilus_shell":3,"minecraft:enchanting_table":1,"minecraft:birch_log":12,"minecraft:cooked_beef":56,"minecraft:feather":1,"minecraft:lilac":2,"minecraft:repeater":9,"minecraft:water_bucket":4,"minecraft:andesite":18,"minecraft:jungle_log":17,"minecraft:golden_leggings":1,"minecraft:potato":1,"minecraft:tuff":7,"minecraft:smooth_sandstone_stairs":2,"minecraft:wither_skeleton_skull":1,"minecraft:magenta_terracotta":1,"minecraft:lapis_lazuli":56,"minecraft:dirt":234,"minecraft:lantern":1,"minecraft:name_tag":1,"minecraft:leather_boots":1,"minecraft:bone":75,"minecraft:acacia_planks":1,"minecraft:stonecutter":1,"minecraft:bow":9,"minecraft:wheat_seeds":7,"minecraft:orange_tulip":1,"minecraft:raw_gold":75,"minecraft:bell":1,"aquaculture:treasure_chest":1,"minecraft:grindstone":1,"minecraft:fletching_table":1,"minecraft:glowstone_dust":24,"minecraft:moss_block":14,"minecraft:oak_planks":107,"aquaculture:gar":6,"minecraft:stripped_acacia_wood":1,"aquaculture:worm":32,"alexsmobs:crocodile_egg":1,"minecraft:sand":34,"minecraft:jungle_planks":42,"aquaculture:neptunium_nugget":5,"minecraft:lily_of_the_valley":3,"minecraft:ink_sac":1,"minecraft:red_terracotta":5,"minecraft:bundle":3,"minecraft:diamond":23,"minecraft:granite":14,"minecraft:bone_meal":1,"minecraft:golden_apple":16,"minecraft:emerald":1,"minecraft:bread":8,"alexsmobs:maggot":2,"minecraft:oak_sapling":12,"minecraft:netherrack":75,"minecraft:diamond_pickaxe":4,"sophisticatedbackpacks:gold_backpack":4,"minecraft:fishing_rod":8,"minecraft:cocoa_beans":4,"minecraft:charcoal":10,"minecraft:crafting_table":21,"minecraft:allium":2,"minecraft:chicken":2,"minecraft:clay_ball":16,"minecraft:wooden_pickaxe":1,"minecraft:gold_block":3,"minecraft:diamond_horse_armor":1,"minecraft:shield":5,"minecraft:iron_axe":1,"minecraft:flint_and_steel":1,"minecraft:blue_orchid":1,"aquaculture:bluegill":14,"minecraft:cartography_table":1,"minecraft:beef":46,"aquaculture:diamond_fishing_rod":1,"minecraft:oak_boat":5,"minecraft:cyan_wool":1,"minecraft:poppy":1,"minecraft:chest":2,"minecraft:sugar_cane":24,"minecraft:egg":15,"minecraft:stripped_crimson_hyphae":1,"minecraft:raw_iron":101,"minecraft:sandstone":7,"minecraft:raw_gold_block":4,"aquaculture:driftwood":8,"minecraft:bowl":3,"minecraft:spruce_fence":2,"sophisticatedbackpacks:backpack":2,"aquaculture:perch":19,"minecraft:carrot":1,"minecraft:redstone":30,"minecraft:purple_terracotta":2,"minecraft:stone_pressure_plate":7,"minecraft:dark_oak_planks":3,"minecraft:tnt":9,"minecraft:arrow":52,"minecraft:peony":1,"aquaculture:brown_trout":7,"minecraft:hay_block":12,"minecraft:yellow_terracotta":3,"minecraft:pink_tulip":4,"aquaculture:carp":10,"tombstone:essence_of_undeath":2,"minecraft:saddle":5,"minecraft:gold_ingot":1,"minecraft:glow_berries":3,"minecraft:mutton":19,"minecraft:rail":1,"minecraft:white_wool":14,"minecraft:netherite_boots":2,"minecraft:jungle_boat":5,"minecraft:smooth_red_sandstone":2,"minecraft:crimson_stem":6,"minecraft:salmon":17,"minecraft:leather":36,"minecraft:acacia_wood":9,"minecraft:birch_planks":1,"minecraft:mushroom_stew":3,"minecraft:crimson_fungus":4,"minecraft:brown_concrete":3,"minecraft:oak_log":118,"aquaculture:neptunes_bounty":7,"minecraft:chainmail_chestplate":1,"minecraft:yellow_bed":1,"minecraft:gunpowder":28,"alexsmobs:mosquito_proboscis":1,"aquaculture:rainbow_trout":6,"minecraft:cooked_mutton":39,"minecraft:smooth_sandstone":60,"minecraft:apple":1,"minecraft:stone_bricks":4,"minecraft:kelp":5,"minecraft:spruce_wood":2,"minecraft:iron_ingot":30,"tombstone:tablet_of_guard":1,"minecraft:stone_pickaxe":2,"tombstone:bag_of_seeds":1,"aquaculture:minnow":23,"minecraft:glass_bottle":18,"minecraft:iron_sword":3,"minecraft:book":87,"aquaculture:smallmouth_bass":10,"minecraft:smooth_basalt":3,"minecraft:warped_fungus":1,"minecraft:quartz":22,"minecraft:dandelion":1,"minecraft:gravel":5,"minecraft:spruce_sapling":12,"minecraft:white_bed":17,"minecraft:spruce_log":75,"minecraft:spider_eye":5,"aquaculture:message_in_a_bottle":1,"minecraft:oak_wood":2,"minecraft:stone_axe":2,"tombstone:scroll_of_knowledge":1,"minecraft:iron_helmet":3,"tombstone:magic_scroll":4,"minecraft:netherite_hoe":1,"minecraft:black_wool":3,"minecraft:coal":88},"minecraft:used":{"minecraft:iron_shovel":173,"minecraft:chest":9,"minecraft:shield":148,"minecraft:iron_sword":86,"minecraft:bell":1,"minecraft:rotten_flesh":2,"minecraft:iron_chestplate":1,"minecraft:jungle_planks":16,"minecraft:axolotl_bucket":1,"minecraft:obsidian":10,"minecraft:glass":1,"aquaculture:neptunium_hoe":1,"minecraft:iron_helmet":2,"aquaculture:diamond_fishing_rod":266,"aquaculture:neptunium_sword":77,"minecraft:bow":2,"minecraft:furnace":16,"aquaculture:neptunium_chestplate":3,"minecraft:egg":3,"minecraft:stone_pickaxe":96,"minecraft:oak_planks":37,"minecraft:wooden_pickaxe":16,"minecraft:sandstone":4,"minecraft:jungle_boat":2,"minecraft:white_wool":2,"minecraft:golden_apple":5,"minecraft:sand":11,"minecraft:mushroom_stew":3,"minecraft:redstone_torch":1,"minecraft:bread":31,"aquaculture:worm_farm":1,"tombstone:decorative_subaraki_grave":1,"minecraft:grindstone":1,"minecraft:oak_boat":5,"minecraft:air":7,"minecraft:enchanting_table":2,"minecraft:stone_sword":13,"minecraft:flint_and_steel":224,"aquaculture:neptunium_helmet":3,"minecraft:spruce_planks":64,"minecraft:stone_hoe":15,"minecraft:netherrack":73,"minecraft:torch":370,"minecraft:brewing_stand":3,"minecraft:dirt":59,"minecraft:anvil":1,"aquaculture:neptunes_bounty":4,"minecraft:spruce_fence":12,"aquaculture:neptunium_boots":1,"minecraft:iron_hoe":213,"alexsmobs:maggot":2,"tombstone:ankh_of_pray":19,"minecraft:bookshelf":15,"minecraft:iron_axe":125,"minecraft:smooth_sandstone":56,"minecraft:iron_boots":4,"aquaculture:neptunium_fishing_rod":15,"aquaculture:neptunium_leggings":1,"tombstone:gift":9,"minecraft:cooked_beef":72,"minecraft:golden_axe":22,"minecraft:cobbled_deepslate":47,"minecraft:iron_leggings":1,"minecraft:cooked_mutton":11,"aquaculture:tackle_box":1,"minecraft:water_bucket":60,"minecraft:glass_bottle":105,"minecraft:spruce_sign":1,"minecraft:fletching_table":1,"minecraft:crafting_table":22,"minecraft:white_bed":16,"aquaculture:neptunium_axe":574,"tombstone:bag_of_seeds":1,"minecraft:black_wool":1,"minecraft:diamond_pickaxe":689,"minecraft:iron_pickaxe":88,"minecraft:spruce_sapling":12,"minecraft:stone_axe":103,"minecraft:fishing_rod":5,"minecraft:cobblestone":92,"minecraft:potion":102,"minecraft:bucket":62,"minecraft:yellow_bed":1,"alexsmobs:animal_dictionary":1},"minecraft:killed_by":{"minecraft:creeper":5,"minecraft:zombie":4,"minecraft:husk":1,"minecraft:iron_golem":5}},"DataVersion":3465}