{"stats":{"minecraft:killed_by":{"minecraft:creeper":4,"minecraft:zombie":4,"minecraft:iron_golem":5},"minecraft:mined":{"minecraft:spruce_planks":3,"minecraft:white_bed":13,"minecraft:jungle_leaves":2,"minecraft:brewing_stand":6,"minecraft:obsidian":15,"minecraft:granite":14,"minecraft:grass_block":82,"minecraft:jungle_log":17,"minecraft:crimson_fungus":3,"minecraft:tall_seagrass":2,"minecraft:glowstone":10,"minecraft:iron_ore":32,"minecraft:cobbled_deepslate":8,"minecraft:fire":10,"minecraft:fletching_table":1,"minecraft:deepslate_lapis_ore":8,"minecraft:red_tulip":1,"minecraft:cave_vines":1,"minecraft:dirt_path":36,"minecraft:water_cauldron":4,"minecraft:pink_tulip":2,"minecraft:tripwire":7,"minecraft:deepslate_redstone_ore":4,"minecraft:kelp_plant":2,"minecraft:clay":2,"minecraft:torch":5,"minecraft:calcite":3,"create:scoria":36,"minecraft:nether_quartz_ore":26,"minecraft:glass":1,"minecraft:cobblestone":15,"minecraft:oak_planks":15,"minecraft:sugar_cane":17,"minecraft:grindstone":1,"aquaculture:neptunes_bounty":4,"minecraft:wall_torch":7,"minecraft:amethyst_block":3,"minecraft:seagrass":1,"minecraft:repeater":9,"minecraft:birch_log":6,"minecraft:tnt":9,"minecraft:warped_fungus":1,"minecraft:orange_tulip":1,"minecraft:grass":43,"minecraft:oak_log":57,"minecraft:sand":34,"minecraft:dirt":83,"minecraft:smooth_basalt":3,"minecraft:stonecutter":1,"minecraft:netherrack":74,"minecraft:deepslate":85,"minecraft:oak_leaves":76,"minecraft:suspicious_gravel":1,"minecraft:tuff":4,"minecraft:deepslate_diamond_ore":9,"minecraft:glow_lichen":2,"minecraft:allium":1,"minecraft:redstone_wire":14,"minecraft:spruce_leaves":213,"minecraft:moss_block":1,"minecraft:cartography_table":1,"minecraft:sandstone":7,"minecraft:crimson_stem":7,"minecraft:hay_block":12,"minecraft:furnace":13,"minecraft:raw_gold_block":4,"minecraft:andesite":18,"minecraft:green_terracotta":1,"minecraft:gold_block":2,"minecraft:bell":1,"minecraft:bookshelf":29,"minecraft:deepslate_iron_ore":54,"minecraft:vine":2,"minecraft:stone":222,"minecraft:redstone_wall_torch":2,"toughasnails:water_purifier":1,"minecraft:lily_of_the_valley":1,"minecraft:dandelion":1,"minecraft:oak_fence":6,"minecraft:crafting_table":17,"minecraft:emerald_ore":1,"minecraft:tall_grass":8,"minecraft:deepslate_gold_ore":39,"minecraft:diorite":1,"minecraft:red_terracotta":5,"minecraft:spruce_log":76,"minecraft:birch_leaves":11,"minecraft:yellow_bed":1,"minecraft:coal_ore":23,"minecraft:mycelium":5,"minecraft:gravel":1,"minecraft:stone_bricks":2,"minecraft:gold_ore":1,"minecraft:fern":1},"minecraft:killed":{"minecraft:zombified_piglin":1,"minecraft:spider":4,"minecraft:skeleton":19,"minecraft:chicken":1,"minecraft:axolotl":1,"aquaculture:perch":1,"alexsmobs:hammerhead_shark":1,"minecraft:pig":2,"alexsmobs:mantis_shrimp":1,"minecraft:creeper":8,"alexsmobs:crimson_mosquito":4,"minecraft:sheep":12,"minecraft:zombie":25,"minecraft:donkey":1,"minecraft:mooshroom":6,"minecraft:ghast":1,"alexsmobs:fly":3,"minecraft:cow":9,"minecraft:blaze":2,"alexsmobs:tarantula_hawk":1,"minecraft:vindicator":1,"alexsmobs:rattlesnake":1,"minecraft:horse":6,"cataclysm:lionfish":1,"minecraft:drowned":1,"cataclysm:deepling_angler":1,"minecraft:husk":17,"aquaculture:jellyfish":1,"minecraft:squid":1},"minecraft:dropped":{"minecraft:moss_block":1,"minecraft:porkchop":4,"minecraft:glass_bottle":8,"minecraft:glow_berries":3,"minecraft:leather":1,"minecraft:cod":2,"minecraft:dirt":28,"minecraft:mutton":2,"minecraft:iron_pickaxe":2,"minecraft:white_wool":3,"minecraft:bone":11,"minecraft:gravel":3,"minecraft:stone_axe":1,"minecraft:rotten_flesh":19,"minecraft:oak_planks":2,"minecraft:gunpowder":6,"minecraft:egg":5,"minecraft:wheat_seeds":2,"minecraft:feather":1,"minecraft:cobblestone":3,"minecraft:amethyst_block":1,"minecraft:granite":14,"minecraft:mushroom_stew":1,"minecraft:stick":10,"minecraft:diorite":1,"minecraft:ink_sac":1,"toughasnails:leaf_boots":2,"toughasnails:leaf_helmet":2,"minecraft:smooth_basalt":3,"minecraft:kelp":3,"minecraft:stone_sword":1,"minecraft:cocoa_beans":4,"minecraft:bowl":4,"minecraft:tuff":4,"minecraft:chicken":1,"minecraft:clay_ball":10,"minecraft:potato":1,"minecraft:shield":1,"minecraft:andesite":18,"minecraft:golden_leggings":1,"minecraft:spider_eye":2,"minecraft:stone_pickaxe":1,"minecraft:wooden_pickaxe":1,"minecraft:calcite":3},"minecraft:custom":{"minecraft:interact_with_crafting_table":117,"minecraft:open_barrel":17,"minecraft:bell_ring":228,"minecraft:leave_game":17,"minecraft:time_since_death":25862,"minecraft:sprint_one_cm":1238267,"minecraft:damage_blocked_by_shield":7470,"minecraft:drop":84,"minecraft:talked_to_villager":5,"minecraft:play_time":677795,"minecraft:deaths":16,"minecraft:jump":8651,"minecraft:walk_on_water_one_cm":96773,"minecraft:interact_with_furnace":132,"minecraft:sleep_in_bed":26,"minecraft:damage_dealt":22744,"minecraft:crouch_one_cm":30213,"tombstone:undead_killed":42,"minecraft:inspect_dispenser":2,"minecraft:mob_kills":135,"minecraft:climb_one_cm":11945,"minecraft:walk_one_cm":572163,"tombstone:consume_soul":2,"minecraft:sneak_time":9854,"minecraft:walk_under_water_one_cm":39327,"minecraft:boat_one_cm":394335,"minecraft:total_world_time":677795,"tombstone:use_recycling":1,"tombstone:raider_killed":1,"tombstone:pray_on_grave":2,"minecraft:time_since_rest":25064,"minecraft:damage_absorbed":39,"minecraft:damage_taken":8492,"minecraft:swim_one_cm":208515,"minecraft:fly_one_cm":1842516,"minecraft:open_chest":94,"minecraft:fish_caught":180,"minecraft:fall_one_cm":221039},"minecraft:crafted":{"minecraft:oak_planks":148,"minecraft:stone":4,"minecraft:cooked_mutton":11,"aquaculture:diamond_hook":1,"minecraft:glass":22,"minecraft:iron_boots":1,"aquaculture:neptunium_leggings":1,"minecraft:chest":11,"minecraft:stone_hoe":1,"minecraft:glass_bottle":12,"sophisticatedbackpacks:backpack":1,"aquaculture:worm_farm":1,"minecraft:crafting_table":4,"aquaculture:tackle_box":1,"minecraft:spruce_planks":256,"minecraft:jungle_boat":1,"minecraft:wooden_pickaxe":1,"minecraft:iron_helmet":1,"aquaculture:neptunium_chestplate":1,"minecraft:iron_chestplate":1,"minecraft:book":3,"minecraft:paper":9,"minecraft:diamond_pickaxe":1,"minecraft:charcoal":20,"toughasnails:water_purifier":1,"minecraft:shield":3,"sophisticatedbackpacks:diamond_backpack":1,"aquaculture:iron_hook":2,"minecraft:stick":80,"minecraft:iron_ingot":74,"minecraft:iron_pickaxe":1,"minecraft:iron_block":1,"minecraft:stone_sword":1,"minecraft:gold_ingot":55,"minecraft:spruce_fence_gate":2,"aquaculture:gold_hook":1,"toughasnails:empty_canteen":4,"tombstone:decorative_subaraki_grave":1,"minecraft:iron_nugget":9,"minecraft:furnace":4,"minecraft:spruce_fence":24,"tombstone:book_of_recycling":2,"minecraft:diamond":9,"minecraft:iron_axe":1,"minecraft:iron_hoe":1,"minecraft:stone_pickaxe":1,"minecraft:wheat":108,"aquaculture:neptunium_boots":1,"sophisticatedbackpacks:iron_backpack":1,"minecraft:cooked_beef":31,"minecraft:spruce_sign":3,"minecraft:enchanting_table":1,"aquaculture:fishing_line":1,"minecraft:iron_sword":1,"minecraft:bowl":4,"aquaculture:diamond_fishing_rod":1,"tombstone:ankh_of_pray":1,"sophisticatedbackpacks:gold_backpack":1,"minecraft:bucket":1,"minecraft:stone_axe":2,"minecraft:bread":36,"minecraft:air":0,"minecraft:jungle_planks":68,"minecraft:oak_boat":1,"minecraft:golden_apple":3,"minecraft:gold_nugget":9,"tombstone:dark_marble":4,"minecraft:iron_shovel":1,"minecraft:iron_leggings":1,"aquaculture:neptunium_helmet":1,"minecraft:white_bed":1,"minecraft:torch":32},"minecraft:picked_up":{"minecraft:seagrass":15,"minecraft:iron_chestplate":3,"aquaculture:catfish":1,"minecraft:lead":1,"minecraft:potion":8,"minecraft:enchanted_book":2,"minecraft:brewing_stand":6,"minecraft:golden_sword":1,"minecraft:amethyst_block":1,"minecraft:string":22,"aquaculture:muskellunge":3,"minecraft:iron_leggings":4,"minecraft:pufferfish":17,"alexsmobs:blood_sac":1,"minecraft:red_sand":1,"minecraft:cobbled_deepslate":188,"minecraft:bucket":6,"minecraft:spruce_planks":156,"toughasnails:leaf_boots":2,"minecraft:white_tulip":1,"minecraft:redstone_torch":2,"minecraft:written_book":2,"minecraft:calcite":3,"minecraft:iron_pickaxe":2,"minecraft:iron_boots":6,"minecraft:furnace":19,"minecraft:stick":26,"minecraft:oak_fence":4,"minecraft:torch":127,"minecraft:spruce_stairs":4,"aquaculture:gold_hook":3,"minecraft:porkchop":5,"tombstone:grave_dust":12,"minecraft:diorite":1,"minecraft:green_terracotta":2,"minecraft:cauldron":4,"minecraft:stone_sword":2,"minecraft:rotten_flesh":51,"aquaculture:algae":8,"create:scoria":36,"minecraft:iron_block":2,"minecraft:red_tulip":1,"minecraft:obsidian":15,"minecraft:cod":49,"aquaculture:tin_can":2,"minecraft:cobblestone":322,"minecraft:nautilus_shell":3,"minecraft:birch_log":12,"minecraft:cooked_beef":56,"minecraft:feather":1,"minecraft:lilac":2,"minecraft:repeater":9,"minecraft:water_bucket":4,"minecraft:andesite":18,"minecraft:jungle_log":17,"minecraft:golden_leggings":1,"minecraft:potato":1,"toughasnails:leaf_helmet":2,"minecraft:tuff":7,"minecraft:lapis_lazuli":56,"minecraft:dirt":233,"minecraft:lantern":1,"minecraft:name_tag":1,"minecraft:leather_boots":1,"minecraft:bone":40,"minecraft:stonecutter":1,"minecraft:bow":7,"minecraft:wheat_seeds":6,"minecraft:orange_tulip":1,"minecraft:raw_gold":75,"minecraft:bell":1,"aquaculture:treasure_chest":1,"minecraft:grindstone":1,"minecraft:fletching_table":1,"minecraft:glowstone_dust":24,"minecraft:moss_block":14,"minecraft:oak_planks":107,"toughasnails:purified_water_canteen":2,"aquaculture:gar":6,"aquaculture:worm":32,"minecraft:sand":34,"minecraft:jungle_planks":42,"aquaculture:neptunium_nugget":5,"minecraft:ink_sac":1,"minecraft:lily_of_the_valley":3,"minecraft:red_terracotta":5,"toughasnails:water_purifier":1,"toughasnails:water_canteen":3,"minecraft:diamond":23,"minecraft:granite":14,"minecraft:bone_meal":1,"minecraft:golden_apple":16,"minecraft:emerald":1,"minecraft:bread":8,"alexsmobs:maggot":2,"minecraft:oak_sapling":12,"minecraft:netherrack":73,"minecraft:diamond_pickaxe":4,"sophisticatedbackpacks:gold_backpack":4,"minecraft:fishing_rod":8,"minecraft:cocoa_beans":4,"minecraft:charcoal":10,"minecraft:crafting_table":20,"minecraft:allium":1,"minecraft:chicken":2,"minecraft:clay_ball":16,"minecraft:wooden_pickaxe":1,"minecraft:gold_block":2,"minecraft:diamond_horse_armor":1,"minecraft:shield":5,"minecraft:iron_axe":1,"minecraft:flint_and_steel":1,"aquaculture:bluegill":14,"minecraft:cartography_table":1,"minecraft:beef":33,"aquaculture:diamond_fishing_rod":1,"minecraft:oak_boat":5,"minecraft:chest":2,"minecraft:sugar_cane":24,"minecraft:egg":15,"minecraft:raw_iron":101,"minecraft:sandstone":7,"minecraft:raw_gold_block":4,"minecraft:bowl":3,"aquaculture:driftwood":8,"sophisticatedbackpacks:backpack":2,"aquaculture:perch":19,"minecraft:redstone":30,"minecraft:stone_pressure_plate":7,"toughasnails:empty_canteen":6,"minecraft:tnt":9,"minecraft:arrow":15,"aquaculture:brown_trout":7,"minecraft:hay_block":12,"minecraft:pink_tulip":4,"aquaculture:carp":10,"tombstone:essence_of_undeath":2,"minecraft:saddle":5,"minecraft:gold_ingot":1,"minecraft:glow_berries":3,"minecraft:mutton":19,"minecraft:rail":1,"minecraft:white_wool":14,"minecraft:jungle_boat":5,"minecraft:crimson_stem":6,"minecraft:salmon":17,"minecraft:leather":28,"minecraft:birch_planks":1,"minecraft:mushroom_stew":3,"minecraft:crimson_fungus":3,"minecraft:brown_concrete":3,"minecraft:oak_log":85,"aquaculture:neptunes_bounty":7,"minecraft:yellow_bed":1,"minecraft:gunpowder":25,"alexsmobs:mosquito_proboscis":1,"aquaculture:rainbow_trout":6,"minecraft:cooked_mutton":39,"minecraft:stone_bricks":4,"minecraft:kelp":5,"minecraft:iron_ingot":25,"tombstone:tablet_of_guard":1,"minecraft:stone_pickaxe":2,"tombstone:bag_of_seeds":1,"aquaculture:minnow":23,"minecraft:glass_bottle":18,"minecraft:iron_sword":3,"minecraft:book":87,"aquaculture:smallmouth_bass":10,"minecraft:smooth_basalt":3,"minecraft:warped_fungus":1,"minecraft:quartz":22,"minecraft:dandelion":1,"minecraft:gravel":5,"minecraft:spruce_sapling":12,"minecraft:white_bed":15,"minecraft:spruce_log":75,"minecraft:spider_eye":3,"aquaculture:message_in_a_bottle":1,"minecraft:oak_wood":2,"minecraft:stone_axe":2,"tombstone:scroll_of_knowledge":1,"minecraft:iron_helmet":3,"tombstone:magic_scroll":2,"minecraft:black_wool":3,"minecraft:coal":86},"minecraft:used":{"minecraft:iron_shovel":173,"minecraft:chest":9,"minecraft:shield":126,"minecraft:iron_sword":86,"minecraft:bell":1,"minecraft:rotten_flesh":2,"minecraft:iron_chestplate":1,"minecraft:jungle_planks":16,"minecraft:axolotl_bucket":1,"minecraft:obsidian":10,"minecraft:glass":1,"aquaculture:neptunium_hoe":1,"minecraft:iron_helmet":2,"aquaculture:diamond_fishing_rod":266,"aquaculture:neptunium_sword":77,"minecraft:bow":2,"minecraft:furnace":16,"aquaculture:neptunium_chestplate":1,"minecraft:egg":3,"minecraft:stone_pickaxe":96,"minecraft:oak_planks":37,"minecraft:wooden_pickaxe":16,"minecraft:sandstone":4,"toughasnails:water_canteen":37,"minecraft:jungle_boat":2,"minecraft:white_wool":2,"minecraft:golden_apple":2,"minecraft:sand":11,"minecraft:mushroom_stew":3,"minecraft:redstone_torch":1,"minecraft:bread":31,"aquaculture:worm_farm":1,"tombstone:decorative_subaraki_grave":1,"minecraft:oak_boat":5,"minecraft:air":7,"minecraft:enchanting_table":1,"minecraft:stone_sword":13,"minecraft:flint_and_steel":224,"toughasnails:water_purifier":1,"minecraft:spruce_planks":64,"minecraft:stone_hoe":15,"minecraft:netherrack":73,"minecraft:torch":120,"minecraft:brewing_stand":3,"minecraft:dirt":59,"aquaculture:neptunes_bounty":4,"toughasnails:empty_canteen":11,"minecraft:spruce_fence":12,"minecraft:iron_hoe":213,"alexsmobs:maggot":2,"tombstone:ankh_of_pray":19,"minecraft:iron_axe":125,"minecraft:iron_boots":4,"aquaculture:neptunium_fishing_rod":15,"tombstone:gift":7,"minecraft:cooked_beef":33,"minecraft:golden_axe":22,"minecraft:cobbled_deepslate":47,"minecraft:iron_leggings":1,"minecraft:cooked_mutton":11,"aquaculture:tackle_box":1,"minecraft:water_bucket":58,"minecraft:glass_bottle":105,"minecraft:spruce_sign":1,"minecraft:fletching_table":1,"minecraft:crafting_table":21,"minecraft:white_bed":14,"aquaculture:neptunium_axe":150,"tombstone:bag_of_seeds":1,"minecraft:black_wool":1,"minecraft:diamond_pickaxe":601,"minecraft:iron_pickaxe":88,"minecraft:spruce_sapling":12,"minecraft:stone_axe":103,"minecraft:fishing_rod":5,"minecraft:cobblestone":92,"minecraft:potion":102,"toughasnails:purified_water_canteen":77,"minecraft:bucket":60,"minecraft:yellow_bed":1,"alexsmobs:animal_dictionary":1},"minecraft:broken":{"minecraft:flint_and_steel":1,"toughasnails:purified_water_canteen":13,"toughasnails:leaf_helmet":1}},"DataVersion":3465}